,StartDate,EndDate,Status,Progress,Duration (in seconds),Finished,RecordedDate,ResponseId,ExternalReference,DistributionChannel,UserLanguage,gender,Q10_6_TEXT,age,years_programming,years_javascript,num_crs_per_week,education,pct_men,employment,Q34_4_TEXT,attn_app,attn_gender,attn_company,attn_name,gender_shown,Create New Field or Choose From Dropdown...,comment_1_line,comment_1_type,comment_1_text,comment_2_line,comment_2_type,comment_2_text,comment_3_line,comment_3_type,comment_3_text,comment_4_line,comment_4_type,comment_4_text,comment_5_line,comment_5_type,comment_5_text,comment_6_line,comment_6_type,comment_6_text,comment_7_line,comment_7_type,comment_7_text,comment_8_line,comment_8_type,comment_8_text,comment_9_line,comment_9_type,comment_9_text,comment_10_line,comment_10_type,comment_10_text,comment_11_line,comment_11_type,comment_11_text,comment_12_line,comment_12_type,comment_12_text,comment_13_line,comment_13_type,comment_13_text,comment_14_line,comment_14_type,comment_14_text,comment_15_line,comment_15_type,comment_15_text,comment_16_line,comment_16_type,comment_16_text,comment_17_line,comment_17_type,comment_17_text,comment_18_line,comment_18_type,comment_18_text,comment_19_line,comment_19_type,comment_19_text,comment_20_line,comment_20_type,comment_20_text,code_quality,comment_1_sentiment,comment_1_subjectivity,comment_2_sentiment,comment_2_subjectivity,comment_3_sentiment,comment_3_subjectivity,comment_4_sentiment,comment_4_subjectivity,comment_5_sentiment,comment_5_subjectivity,comment_6_sentiment,comment_6_subjectivity,comment_7_sentiment,comment_7_subjectivity,comment_8_sentiment,comment_8_subjectivity,comment_9_sentiment,comment_9_subjectivity,comment_10_sentiment,comment_10_subjectivity,comment_11_sentiment,comment_11_subjectivity,comment_12_sentiment,comment_12_subjectivity,comment_13_sentiment,comment_13_subjectivity,comment_14_sentiment,comment_14_subjectivity,comment_15_sentiment,comment_15_subjectivity,comment_16_sentiment,comment_16_subjectivity,comment_17_sentiment,comment_17_subjectivity,comment_18_sentiment,comment_18_subjectivity,comment_19_sentiment,comment_19_subjectivity,comment_20_sentiment,comment_20_subjectivity,num_lines,num_types,num_texts,num_bugs,num_quality,num_positive_comments,num_negative_comments,num_subjective_comments,percent_bugs,percent_quality,percent_positive_comments,percent_negative_comments,percent_subjective_comments,gender_equal,correct_app,correct_company,correct_gender,correct_name
2,2019-11-26 13:04:01,2019-11-26 13:13:46,IP Address,100,584,True,2019-11-26 13:13:46,R_ssZDFrhHIajekNP,,anonymous,EN,Female,,18 - 24,< 1 year,1-2 years,1-3 times per week,4 year degree,60,Employed by:,Slalom,Tip Calculator App,Female,Apps Inc,Amy,Female,,4,Quality,having the secret and API URL in the code like this could have some security risks. What do you think about using an ENV config?,33,Quality,would consider using a switch/case here. bit of a nitpick but would organize code in a cleaner way.,12,Bug,this seems to be similar to just returning response.data.billAmount ,18,Bug,see comment on line 12: not sure if this gives you the response object or the data object,,,,,,,,,,,,,,,,,,,,,,,,,,,,,,,,,,,,,,,,,,,,,,,,,7,-0.4,0.7,0.0,0.0,0.0,0.4,-0.25,0.8888888888888888,,,,,,,,,,,,,,,,,,,,,,,,,,,,,,,,,4,4,4,2,2,0,2,3,0.5,0.5,0.0,0.5,0.75,True,True,True,True,True
3,2019-11-26 13:04:21,2019-11-26 13:16:42,IP Address,100,740,True,2019-11-26 13:16:42,R_2SeLJCmjPtvZ6d2,,anonymous,EN,Male,,18 - 24,3-5 years,3-5 years,4-7 times per week,4 year degree,70,Employed by:,Slalom Consulting Build (Denver),Tip Calculator App,Female,Unsure,Amy,Female,,5,Quality,"Comment should say ""table"" instead of customer to clearly reflect the code's functionality",7,Quality,"May not need this variable defined separately. In production, this could be pulled from an environment variable for safety. Use let/var/const if this needs to be defined here",8,Quality,Consider using string interpolation instead of addition here,18,Quality,"Consider const instead, as this variable is not reassigned to",19,Quality,Unused variable - remove,22,Bug,billAmt seems to be a number and should probably have more specific value checks instead of using a boolean ! operator,24,Bug,This should return/throw an error or some other value to indicate failure - returning nothing is a bad pattern here,28,Bug,"numOfPeople, being a number, is probably never going to be an empty string if used correctly. Consider more robust type or value checks",44,Quality,Use let instead of var here,44,Bug,Should be (billAmt * tipPercentage),33,Quality,"In each of these if/else statements, can use === instead of ==. Minor nitpick though",,,,,,,,,,,,,,,,,,,,,,,,,,,,7,0.10000000000000002,0.3833333333333333,0.0,0.0,0.0,0.0,0.0,0.0,0.0,0.0,0.25,0.3125,-0.38055555555555554,0.44722222222222224,0.2,0.5,0.0,0.0,0.0,0.0,-0.05,0.2,,,,,,,,,,,,,,,,,,,11,11,11,4,7,3,2,5,0.36363636363636365,0.6363636363636364,0.2727272727272727,0.18181818181818182,0.45454545454545453,False,True,False,True,True
4,2019-11-26 13:10:14,2019-11-26 13:22:07,IP Address,100,713,True,2019-11-26 13:22:08,R_3rJn3yLGLxaDeUV,,anonymous,EN,Male,,35 - 44,3-5 years,1-2 years,Never,Professional degree,70,Employed by:,Slalom,Tip Calculator App,Unsure,Unsure,Tom,Male,,44,Bug,"serviceQuality is a string, should use tipPercentage instead",41,Bug,"No else to catch, tipPercentage is never instantiated hence it could cause a big error",28,Quality,"No need for <= to 1, could just use <",28,Quality,should check numOfPeople to be null as well,34,Quality,"""good"" ""ok"" and ""bad"" should be constants defined ",,,,,,,,,,,,,,,,,,,,,,,,,,,,,,,,,,,,,,,,,,,,,,5,0.0,0.0,0.0,0.1,0.0,0.0,0.0,0.0,0.1666666666666667,0.5888888888888889,,,,,,,,,,,,,,,,,,,,,,,,,,,,,,,5,5,5,2,3,1,0,2,0.4,0.6,0.2,0.0,0.4,True,True,False,False,True
5,2019-11-26 13:10:56,2019-11-26 13:26:00,IP Address,100,903,True,2019-11-26 13:26:00,R_1CklhwZioIJT8om,,anonymous,EN,Female,,25 - 34,3-5 years,3-5 years,1-3 times per week,4 year degree,90,Employed by:,,Tip Calculator App,Male,Unsure,Tom,Male,,19,Quality,Consider using a let instead of a var.,18,Bug,getBillForTable is defined as an async function. You will need an 'await' here to utilize that functionality and get back a value instead of a promise.,7,Bug,Consider defining the 'appKey' as a const. This will allow future maintainers to know a variable is being declared here and that the value does not change.,28,Quality,It looks like 'numOfPeople' can be a string or number. Consider enforcing just a number type.,33,Quality,"'=== instead of ==, here.",36,Quality,"'=== instead of ==, here.",39,Quality,"'=== instead of ==, here.",44,Quality,Consider using 'let' here instead of 'var' to abide by ES6 style.,44,Bug,"If you are calculating tip here, shouldn't you be using 'tipPercentage' which is a number in this calculation instead of 'serviceQuality' which is a string?",overall,Quality,The strings for the value of 'serviceQuality' could be elevated out of the function and defined as constant variables. This would allow you to export them and use them in other files to ensure that the 'serviceQuality' parameter is always a valid value.,,,,,,,,,,,,,,,,,,,,,,,,,,,,,,,7,0.0,0.0,0.0,0.0,0.0,0.125,0.0,0.0,0.0,0.0,0.0,0.0,0.0,0.0,0.0,0.0,0.0,0.0,-0.0625,0.35416666666666663,,,,,,,,,,,,,,,,,,,,,10,10,10,3,7,0,1,2,0.3,0.7,0.0,0.1,0.2,False,True,False,True,True
6,2019-11-26 13:07:05,2019-11-26 13:26:41,IP Address,100,1176,True,2019-11-26 13:26:41,R_D1YcWQEOkFlGkBX,,anonymous,EN,Prefer not to answer,,25 - 34,5-10 years,5-10 years,More than 7 times per week,4 year degree,71,Employed by:,Slalom,Unsure,Unsure,Unsure,Tom,Male,,7,Bug,"Need to declare this variable, should be a const",7,Quality,This should be config driven (different environments likely have different keys) or if the key changes we dont want to have to do a new code deploy. Lets look at some other options to accomplish this,13,Quality,"Lets think of something more useful to do with this error, returning an error or logging this will help debugging",19,Quality,Use let here instead,18,Bug,"Since getBillForTable is async, we could use await here to avoid referencing a variable that has not returned yet ",21,Quality,"This comment is a little misleading, we actually are not validating any input here, the comment can be removed",44,Quality,Use let here,44,Bug,"We are multiplying a string here, I think you mean ""tipPercentage""",33,Bug,"What if ""serviceQuality"" does not match any of these inputs? We should have a default value or throw an error",33,Bug,We should make all serviceQuality values lower case to avoid any case sensitive issues,44,Bug,"We need to confirm with someone from the product team that this logic is correct (why not divide the total meal cost first and then calculate the tip) If we were to do it that way, the numbers would come out different",47,Quality,multiplying then dividing by the same number will have no effect. We should be able to just round here,48,Quality,Not sure if this line and the above line are neccessary,,,,,,,,,,,,,,,,,,,,,,3,0.0,0.0,0.0018939393939393923,0.671590909090909,0.4,0.25,0.0,0.0,0.0,0.0,-0.09375,0.3,0.0,0.0,-0.3125,0.6875,0.0,0.0,0.1,0.9,0.08333333333333333,0.561111111111111,0.09999999999999999,0.3833333333333333,-0.125,0.4944444444444444,,,,,,,,,,,,,,,13,13,13,6,7,5,3,8,0.46153846153846156,0.5384615384615384,0.38461538461538464,0.23076923076923078,0.6153846153846154,False,False,False,False,True
7,2019-11-26 13:07:36,2019-11-26 13:28:09,IP Address,100,1232,True,2019-11-26 13:28:09,R_2tak97AabTKwElE,,anonymous,EN,Female,,25 - 34,5-10 years,3-5 years,1-3 times per week,4 year degree,96,Employed by:,Slalom,Tip Calculator App,Female,Unsure,Amy,Female,,19,Quality,change var to let,33,Quality,change to ===,17,Bug,TableID is not defined,22,Bug,Should be if billAmt === 0,,Bug,Never calling function calculateTipPerPerson,44,Bug,Cant multiple by a string (serviceQuality) - should be tipPercentage,47,Bug,Doesn't round,,,,,,,,,,,,,,,,,,,,,,,,,,,,,,,,,,,,,,,,,0.0,0.0,0.0,0.0,0.0,0.0,0.0,0.0,0.0,0.0,0.0,0.0,-0.2,0.4,,,,,,,,,,,,,,,,,,,,,,,,,,,6,7,7,5,2,0,1,1,0.7142857142857143,0.2857142857142857,0.0,0.14285714285714285,0.14285714285714285,True,True,False,True,True
8,2019-11-26 13:04:22,2019-11-26 13:39:01,IP Address,100,2078,True,2019-11-26 13:39:01,R_2CvpyVFbaOlo5Ie,,anonymous,EN,Male,,25 - 34,3-5 years,1-2 years,4-7 times per week,4 year degree,60,Employed by:,Slalom Build,Tip Calculator App,Female,Apps Inc,Amy,Female,,18,Quality,billAmt can be a const since it isn't reassigned elsewhere in the file.,28,Quality,"This conditional may not catch the case when numOfPeople is undefined or null, perhaps !numOfPeople would be better as opposed to checking specifically for empty string.",44,Bug,"It looks like we should be multiplying the tip by tipPercentage, not serviceQuality ",overall,Quality,We should add some unit tests for this function. It would help catch bugs and set expectations for how we handle weird inputs.,47,Quality,"I've found using Math.round and toFixed to be inaccurate cause Javascript is... strange. We could consider using lodash's round function, but if it requires pulling in a new library then I'm fine with leaving this as is.",19,Quality,To follow best practices we really should be using let instead of var. This also applies to line 44.,overall,Quality,"We should consider introducing a linter such as eslint to this project, many of these nit picks can be caught by the linter and even auto fixed. Especially spacing, var vs. let, triple vs. double equals signs, etc.",33,Quality,"Are these the only valid inputs for serviceQuality? If we need to we could abstract them to use enums or something, but if these are all we accept they should be documented at the top of the function in a comment. tipPercentage also needs a default value in case the input doesn't match one of these options.",18,Bug,"We're calling an asynchronous function here, so we should declare this function as async and use the await keyword to wait for the promise to resolve.",,,,,,,,,,,,,,,,,,,,,,,,,,,,,,,,,,6,0.0,0.0,0.2,0.5,0.0,0.0,-0.5,1.0,0.07575757575757576,0.37613636363636366,0.6,0.25,0.12,0.44000000000000006,0.25,0.75,0.0,0.0,,,,,,,,,,,,,,,,,,,,,,,9,9,9,2,7,5,1,6,0.2222222222222222,0.7777777777777778,0.5555555555555556,0.1111111111111111,0.6666666666666666,False,True,True,True,True
9,2019-11-26 13:17:18,2019-11-26 13:46:58,IP Address,100,1779,True,2019-11-26 13:46:58,R_RLAUQFpXRobaLap,,anonymous,EN,Male,,25 - 34,1-2 years,1-2 years,4-7 times per week,4 year degree,70,I prefer not to say,,Tip Calculator App,Unsure,Apps Inc,Amy,Female,,7,Quality,Variable should be declared with let or var,19,Quality,tipPercentage should use 'let' per ES2015,44,Quality,total should use 'let' per ES2015,,,,,,,,,,,,,,,,,,,,,,,,,,,,,,,,,,,,,,,,,,,,,,,,,,,,7,0.0,0.0,0.0,0.0,0.0,0.75,,,,,,,,,,,,,,,,,,,,,,,,,,,,,,,,,,,3,3,3,0,3,0,0,1,0.0,1.0,0.0,0.0,0.3333333333333333,False,True,True,False,True
10,2019-11-26 14:07:39,2019-11-26 14:35:12,IP Address,100,1653,True,2019-11-26 14:35:13,R_w4RdovGBBM8VToZ,,anonymous,EN,Male,,25 - 34,10-15 years,1-2 years,1-3 times per week,4 year degree,70,Employed by:,Slalom Consulting,Tip Calculator App,Unsure,Apps Inc,Tom,Male,,7,Bug,"Declarations must use var, let, or const",8,Quality,API endpoints and keys should not be hard-coded,8,Quality,Use string interpolation instead of concatenation,overall,Quality,Perhaps use single quotes instead of double,17,Bug,This will need to be an async function,18,Bug,You need to await the call to getBillForTable,18,Quality,Use const instead of let,13,Quality,Perhaps this should be caught by the caller so that a different action may be taken,6,Quality,async not required as written,13,Quality,Consider awaiting the call to fetch instead of using promises ,22,Bug,This will be true if billAmt is 0,19,Quality,Use let instead of var,24,Quality,Return null for consistency,33,Quality,Use switch instead of if,34,Quality,Missing semicolon,37,Quality,Missing semicolon,40,Quality,Missing semicolon,39,Quality,Add else/default case,44,Bug,serviceQuality should be tipPercentage,48,Quality,Use only one rounding method,4,0.0,0.0,0.0,0.0,0.0,0.0,-0.03571428571428571,0.10714285714285714,0.0,0.0,0.0,0.0,0.0,0.0,0.05,0.35,0.0,0.0,0.0,0.0,0.35,0.65,0.0,0.0,0.0,0.0,0.0,0.0,-0.2,0.05,-0.2,0.05,-0.2,0.05,0.0,0.0,0.0,0.0,0.0,1.0,20,20,20,5,15,2,4,7,0.25,0.75,0.1,0.2,0.35,True,True,True,False,True
11,2019-11-26 14:40:33,2019-11-26 15:26:31,IP Address,100,2757,True,2019-11-26 15:26:31,R_2xFbRvo8tkjLaWb,,anonymous,EN,Female,,25 - 34,10-15 years,5-10 years,More than 7 times per week,4 year degree,90,Employed by:,Slalom,Tip Calculator App,Unsure,Unsure,Tom,Male,,7,Quality,"There is no variable declaration here and is now bound to global scope, prefer to use let or const when declaring variables. This variable is not reused elsewhere, therefore it does not need to be declared and can be used inline on line 8. ",8,Quality,String interpolation can help write this code using a new standard from ES6. You can instead write `http://api.pointofsale.org/dat/2.5/bill?q=${tableId}&APPID=SECRET` - note that secret is not used here given the previous comment,11,Bug,"This should be: return await fetch(url). Without adding await, the return of this function will be an unresolved promise. Alternatively, you can remove the async declaration from line 6.",17,Quality,"Apply this as an async function. On line 18, we can add an await to the billAmt variable to ensure that we have a result before executing other parts of this function.",18,Quality,"billAmt is never reassigned, we should use const instead.",19,Bug,This is an unused variable. Please apply it on line 44 in place of the variable serviceQuality. ,5,Bug,Comment should say: // Get bill total for table,17,Quality,"This function's name can be considered confusing with the variables declared internally, especially `total`, we should consider this when naming variables.",23,Quality,Nice short circuit out of this function to give feedback to the user!,28,Bug,"Not sure this check is intuitive. What is the intention? If the intention is to default the number of people to 1 if no input is provided, then we can do this in the function signature. Otherwise, a better check here may be to check if the numberOfPeople passed in is a valid number.",33,Bug," We should update these conditional checks to use the `.toLowerCase()` method on serviceQuality before doing an equality check. This way, we can guarantee that we we are doing a proper equality check. When using the `toLowerCase` method, you'll also need to do a check to ensure that serviceQuality is not null. Something like this should work: const quality = serviceQuality && serviceQuality.toLowerCase();  then use to do the conditional check if (quality === ""bad"") { ... }",33,Quality,"This can be stored as constants. const SERVICE_QUALITY = { GOOD: ""good"", OK: ""ok"", BAD: ""bad"" }. Given this new usage of a constant, we can A) reuse these variables elsewhere in the future, and address the conditional check above to be more accurate with user's input",43,Quality,comment should be: calculate total,44,Bug,"Ensure the previous comment is addressed, that is to replace serviceQuality with tipPercentage",44,Bug,prefer to use let over var,34,quality,missing semi-colon,37,quality,missing semi-colon,37,quality,missing semi-colon,51,quality,"Nice work overall. There are some minor adjustments that need to be made, but you did a great job on the initial take. This is a great resource for ES6 updates to use more modern approaches to JavaScript http://es6-features.org/#Constants",18,quality,I might add some null checks on the input to ensure that all information provided to this function has been supplied. ,5,0.0,0.0,-0.10757575757575757,0.3303030303030303,0.0,0.0,-0.125,0.375,0.0,0.0,0.0,0.0,0.0,0.75,-0.15,0.7,0.3,0.65,0.125,0.6944444444444444,-0.3499999999999999,0.3833333333333333,0.1696969696969697,0.4732954545454546,0.0,0.75,-0.16666666666666666,0.16666666666666666,0.0,0.0,-0.2,0.05,-0.2,0.05,-0.2,0.05,0.35625000000000007,0.4375,0.0,0.0,20,20,20,7,13,4,8,14,0.35,0.65,0.2,0.4,0.7,False,True,False,False,True
12,2019-11-26 14:45:05,2019-11-26 16:09:31,IP Address,100,5066,True,2019-11-26 16:09:31,R_3I9UmKgwb5XcP47,,anonymous,EN,Male,,35 - 44,10-15 years,1-2 years,4-7 times per week,Some college,75,I prefer not to say,,Tip Calculator App,Male,Unsure,Amy,Female,,1,Quality,There are no tests in this PR.,7,Bug,appKey is a dependency that is never given a proper value.,8,Bug,Can't tell where tableId is coming from given this PR. Should probably consider sanitizing it.,18,Bug,"Returns a promise, not a billAmt.",22,Bug,Looks like this will always be true because billAmt is a promise.,28,Bug,"Doesn't take into account nil, text input, etc.",33,Bug,Is this input? Consider case insensitive comparisons for these if statements,41,Bug,"Are these 3 cases guaranteed to be the only cases, or should there be an else here?",44,Bug,serviceQuality is a string. Don't math strings.,28,Bug,"What if numOfPeople is ""2"" or any other string",18,Bug,You should be awaiting the call,29,Quality,don't mutate input variables,34,Bug,tipPercentage looks like it's not declared anywhere. If it's declared in an outer scope... don't do that. ,,,,,,,,,,,,,,,,,,,,,,1,0.0,0.0,0.0,0.1,0.0,0.0,0.0,0.0,0.35,0.65,0.0,0.0,0.0,0.0,0.0,1.0,0.0,0.0,-0.125,0.375,0.0,0.0,0.0,0.0,0.0,0.0,,,,,,,,,,,,,,,13,13,13,11,2,1,1,4,0.8461538461538461,0.15384615384615385,0.07692307692307693,0.07692307692307693,0.3076923076923077,False,True,False,False,True
13,2019-11-26 15:50:45,2019-11-26 19:44:06,IP Address,100,14000,True,2019-11-26 19:44:07,R_1CfgpHNFCtn0edC,,anonymous,EN,Female,,25 - 34,3-5 years,1-2 years,1-3 times per week,4 year degree,65,Employed by:,Slalom,Tip Calculator App,Unsure,Apps Inc,Amy,Female,,7,Quality,"Not exactly a bug (yet), but setting an external variable like APP_KEY may cause an unwanted side effect elsewhere in the code",18,Bug,"Since getBillForTable returns a promise, you should use a .then or await here, otherwise billAmt will always be undefined",18,Quality,"You can use const here, as billAmt is never altered again",19,Quality,Try to use consistency with let/var. I usually use let whenever possible to follow ES6 convention.,"33,36,39",Quality,"As a rule of thumb, try to use triple equals (===) to do strict equality checking","33,36,39",Bug,"Is there a possibility that serviceQuality may not always be exactly ""Good""? Maybe ""GOOD"" or ""good""? I would perform a .toLowerCase() on the parameter and change the strings to lowercase for more consistent matching.",48,Quality,"Not necessarily wrong, but is there a reason why the value is converted to a string before returning it?",44,Bug,"billAmt should be multiplied by the tipPercentage, not serviceQuality",18,Bug,"Bill amount should be cast to a number at some point, just to prevent any unexpected type coercion",22,Bug,"If the billAmt is 0, this alert message is not entirely accurate.",19,Bug,It might be a good idea to set tipPercentage to a default value. That way you wont encounter a NaN error by multiplying by undefined in the code below that calculates the total,44,Quality,"The variable name total is a bit misleading, maybe something like tipPerPerson or even just tip would be more descriptive",,,,,,,,,,,,,,,,,,,,,,,,,4,-0.0625,0.175,0.0,0.0,0.0,0.0,-0.125,0.625,0.5,1.0,0.57,0.51,0.25,0.9,0.0,0.0,0.1,1.0,-0.20000000000000004,0.6333333333333334,0.35,0.675,0.25,0.625,,,,,,,,,,,,,,,,,12,12,12,6,6,6,3,9,0.5,0.5,0.5,0.25,0.75,True,True,True,False,True
14,2019-11-26 19:59:31,2019-11-26 20:28:38,IP Address,100,1747,True,2019-11-26 20:28:39,R_1CCQzyF5IGS1yjK,,anonymous,EN,Male,,25 - 34,3-5 years,5-10 years,More than 7 times per week,Professional degree,46,Employed by:,,Tip Calculator App,Female,Apps Inc,Amy,Female,,7,Quality,Secret key shouldn't be hard coded in the file itself.,28,Bug,"If numOfPeople was something like ""a"" it would fail","7,34,37,40",Quality,"Not consistent with rest of code, missing semicolons.",2,Quality,Comment information is not useful in this context,42,Bug,"No else case, if serviceQuality doesn't match those cases it cause the code to fail later",44,Bug,serviceQuality should be replaced by tipPercentage,48,Quality,"toFixed returns a string, is that what is expected from this function?",44,Quality,Would probably split out (billAmt *serviceQuality) to its own function to calculate total tip amount then have the calculateTipPerPerson divide the result by the number of people,8,Quality,Secret would be viewable by people on the network since it is being passed as a URL parameter.,29,Quality,"If going to use alert if billAmt doesn't exist, might as well do the same if the numOfPeople isn't valid",42,Quality,"If going to use alert if billAmt doesn't exist, might as well do the same if the numOfPeople isn't valid",18,Quality,Spell out billAmt as billAmount since serviceQuality is spelled out (and billAmount in getBillForTable),17,Quality,Would advise spelling out numOfPeople as numberOfPeople to match serviceQuality being spelled out,22,Quality,Would write out as billAmt == undefined for readability,28,Quality,numOfPeople < 1 since we don't need to set it to 1 if it already is 1,,,,,,,,,,,,,,,,7,-0.23055555555555554,0.7472222222222222,-0.5,0.29999999999999993,-0.1625,0.15,-0.15,0.0,-0.25,0.14999999999999997,0.0,0.0,-0.1,0.4,0.3,0.875,-0.4,0.7,0.0,0.125,0.0,0.125,0.0,0.0,0.0,0.0,0.0,0.0,0.0,0.0,,,,,,,,,,,15,15,15,3,12,1,7,9,0.2,0.8,0.06666666666666667,0.4666666666666667,0.6,False,True,True,True,True
15,2019-11-27 06:26:14,2019-11-27 06:52:41,IP Address,100,1587,True,2019-11-27 06:52:41,R_24wPzsNFlfdq4Py,,anonymous,EN,Male,,25 - 34,1-2 years,1-2 years,4-7 times per week,4 year degree,55,I prefer not to say,,Tip Calculator App,Male,Apps Inc,Tom,Male,,44,Quality,"The variable name of ""total"" is a tad misleading here considering it is denoting the amount to be paid per person for the tip, split evenly.","34, 37, 40",Bug,Lack of semicolon to finish lines.,47,Quality,"As far as I know, this line is unnecessary when utilizing toFixed() on the next line. Worth looking into.",8,Security?,"I always feel nervous about passing anything secret through a URL variable. A Googling ""https authentication"" might get you on the right track for a more secure passing of that key.",overall,Quality,I appreciate the checking if variables are undefined or not,28,Bug,"Depending on how calculateTipPerPerson() is called, I can imagine a case where numOfPeople can be neither an empty string nor an int, so maybe checking if it's numeric would be ideal.",overall,Quality,pls send cases you've tested for me to QA as well,,,,,,,,,,,,,,,,,,,,,,,,,,,,,,,,,,,,,,,,7,0.0,0.75,0.0,0.0,-1.3877787807814457e-17,0.5,0.15714285714285714,0.6671428571428571,0.0,0.0,0.4,0.75,0.0,0.0,,,,,,,,,,,,,,,,,,,,,,,,,,,7,7,7,2,4,2,1,4,0.2857142857142857,0.5714285714285714,0.2857142857142857,0.14285714285714285,0.5714285714285714,True,True,True,True,True
16,2019-11-27 05:58:20,2019-11-27 06:54:28,IP Address,100,3367,True,2019-11-27 06:54:28,R_5gUzBF2iHy9RizT,,anonymous,EN,Male,,18 - 24,1-2 years,3-5 years,1-3 times per week,4 year degree,60,I prefer not to say,,Tip Calculator App,Male,Apps Inc,Tom,Male,,1,Quality,Comment is unnecessary if using source control,5,Quality,Function name is descriptive enough no need for comment,7,Bug,"appKey is global, please add ""const"" to the start of that line so that it cannot br used outside of the function it is in",7,Quality,"Probably should not have a secret key in JS, should send request to intermediary api that has the secret key safe in the backend",16,Quality,Function name is descriptive enough no need for comment,19,Quality,"tipPercentage is declared here, but isn't used until line 33. Please move this down there.",23,Quality,Please use something other than an alert,28,Bug,I don't believe you'd want to use === here or compare numOfPeople to the empty string. Would recommend using == and comparing numOfPeople with null,29,Quality,Could simplify lines 27 - 30 by using a ternary,33-41,Quality,Please move else if lines up one,33-41,Bug,There is no else case.,44,Bug,serviceQuality is used here instead of tipPercentage,44,Quality,Please use let instead of var,19,Quality,Please use let instead of var,48,Bug,"This line is redundant, unless we want total to be a string? If that's the case, just use toString","34,37,40",Bug,No semi-colon at end of these lines,7-14,Quality,Shift over one tab,18-51,Quality,Shift over one tab,,,,,,,3,-0.4,0.9,0.0,0.5,0.0,0.025,-0.06000000000000001,0.78,0.0,0.5,-0.15555555555555559,0.2888888888888889,-0.125,0.375,-0.1,0.5,0.0,0.0,0.0,0.0,0.0,0.0,0.0,0.0,0.0,0.0,0.0,0.0,-0.1,0.475,0.0,0.0,0.0,0.0,0.0,0.0,,,,,18,18,18,6,12,0,6,9,0.3333333333333333,0.6666666666666666,0.0,0.3333333333333333,0.5,True,True,True,True,True
17,2019-11-27 06:44:46,2019-11-27 07:23:08,IP Address,100,2301,True,2019-11-27 07:23:08,R_1GOj0YPUcLkxjb6,,anonymous,EN,Female,,25 - 34,< 1 year,1-2 years,0-1 times per week,Some college,62,Employed by:,MoreSteam,Tip Calculator App,Female,Unsure,Amy,Female,,47,quality,(total * 100)/100 seems redundant,6,quality,not sure this should be async function,32,quality,"I think it would be better practice to either set quality to numbers, or ignore case to prevent from user errors",42,bug,"What happens if a user doesn't put in ""Good"" ""OK"" or ""Bad""?",44,bug,tipPercentage should replace serviceQuality,,,,,,,,,,,,,,,,,,,,,,,,,,,,,,,,,,,,,,,,,,,,,,8,-0.1,0.475,-0.25,0.8888888888888888,0.5,0.5,0.1666666666666667,0.5888888888888889,0.0,0.0,,,,,,,,,,,,,,,,,,,,,,,,,,,,,,,5,5,5,2,3,2,2,4,0.4,0.6,0.4,0.4,0.8,True,True,False,True,True
18,2019-11-27 06:56:47,2019-11-27 08:38:12,IP Address,100,6085,True,2019-11-27 08:38:12,R_1mqhyj9SjKHde3q,,anonymous,EN,Female,,25 - 34,3-5 years,3-5 years,1-3 times per week,Professional degree,50,Employed by:,MoreSteam,Tip Calculator App,Female,Unsure,Amy,Female,,44,Bug,serviceQuality is a string; need to use tipPercentage,44,Quality,"Alternatively, only ask for the percentage instead of text",33,Quality,Can be made a switch statement,50,Quality,Can just return lines 47/48 combined,44,Quality,"name variable ""tip"" or ""tipPerPerson"" instead of ""total""",overall,Quality,"No comments, code should speak for itself",,,,,,,,,,,,,,,,,,,,,,,,,,,,,,,,,,,,,,,,,,,8,0.0,0.0,0.0,1.0,0.0,0.0,0.0,0.0,0.0,0.75,0.0,0.0,,,,,,,,,,,,,,,,,,,,,,,,,,,,,6,6,6,1,5,0,0,2,0.16666666666666666,0.8333333333333334,0.0,0.0,0.3333333333333333,True,True,False,True,True
19,2019-11-27 08:42:54,2019-11-27 09:00:39,IP Address,100,1064,True,2019-11-27 09:00:39,R_3qfBnAufq9hwUWS,,anonymous,EN,Male,,25 - 34,3-5 years,3-5 years,More than 7 times per week,4 year degree,75,Employed by:,MoreSteam,Tip Calculator App,Male,Unsure,Tom,Male,,7,Quality,"""appKey"" should be fetched from a configuration file instead of being stored within the code.",18,Bug,"Variable ""billAmt"" will not be set due to asynchronous nature of the ""getBillForTable"" function. Pass a callback function as a second argument of ""getBillForTable"" and move all of the logic within ""calculateTipPerPerson"" after line 18 into this callback, to be executed after the asynchronous ""fetch"" within ""getBillForTable"".",33,Quality,"Establish object lookup of ""serviceQuality"" to ""tipPercentage"" (string to float) and replace the if/else conditional block with the lookup based on the ""serviceQuality"" parameter. This would also eliminate the need to initialize ""tipPercentage"" in line 19. The assignment would be written as ""var tipPercentage = { Good: 0.2, OK: 0.15 ... }[serviceQuality]""",47,Quality,"Replace lines 47-50 as one line of ""return (Math.round(total * 100) / 100).toFixed(2)""",44,Bug,"Equation for total tip should be ""var total = (billAmt * tipPercentage) / numOfPeople""",28,Quality,"Block can be re-written as ""numOfPeople = Math.round(numOfPeople) || 1""",,,,,,,,,,,,,,,,,,,,,,,,,,,,,,,,,,,,,,,,,,,7,0.0,0.0,-0.0625,0.1875,0.6,0.55,0.0,0.0,-0.25,0.8333333333333334,0.0,0.0,,,,,,,,,,,,,,,,,,,,,,,,,,,,,6,6,6,2,4,1,2,3,0.3333333333333333,0.6666666666666666,0.16666666666666666,0.3333333333333333,0.5,True,True,False,True,True
20,2019-11-27 09:27:30,2019-11-27 09:55:05,IP Address,100,1655,True,2019-11-27 09:55:05,R_23dkVlB1qS11c65,,anonymous,EN,Female,,25 - 34,3-5 years,1-2 years,More than 7 times per week,4 year degree,50,Employed by:,MoreSteam,Tip Calculator App,Unsure,Apps Inc,Amy,Female,,Overall,Quality,I would never review without having this pulled up on a test server at the same time,7,Quality,"Keep ApiKeys somewhere else, not available in the function for all to see",18,Quality,billAmt should stay billAmount; dont abbreviate. It's more readable spelled out,22,Quality,"If our catch doesn't just console.log, we can let user know at that point that we can't find the bill. Then we dont have to do extra validation",28,Bug,We don't validate that numOfPeople remains an integer. Can't have half a person chipping in,33-41,Quality,I wouldn't string match like this. Easily goofed up on casing and arguable on Good/Ok.,44,Bug,Can't multiple with a string. Should have used tipPercentage ,34,Quality,tipPercentage is a misnomer here. we mean 20% but could be misinterpreted as .2% with this variable name ,,,,,,,,,,,,,,,,,,,,,,,,,,,,,,,,,,,,,3,0.0,0.125,-0.2,0.4,0.5,0.5,0.0,0.1,-0.16666666666666666,0.16666666666666666,0.43333333333333335,0.8333333333333334,0.0,0.0,-0.3125,0.6875,,,,,,,,,,,,,,,,,,,,,,,,,8,8,8,2,6,2,3,7,0.25,0.75,0.25,0.375,0.875,True,True,True,False,True
21,2019-11-27 10:32:48,2019-11-27 11:25:18,IP Address,100,3149,True,2019-11-27 11:25:18,R_5BwdzkITRLd7rLr,,anonymous,EN,Female,,18 - 24,1-2 years,1-2 years,1-3 times per week,4 year degree,65,Employed by:,Slalom,Tip Calculator App,Unsure,Unsure,Tom,Male,,7,Quality,"Appkeys shouldn't be stored in code this way, as it could be accessed by anybody who uses dev tools/accesses the bundle. If we haven't done so already, we should definitely figure out what strategy we want to use to store secrets.",18,Quality,billAmt could be a const here since it's not changing throughout the rest of the function,10,Bug,Needs an await so that the call will actually return something vs. weird Promise errors (I think),28,Bug,"Javascript might be confused by the type of the numOfPeople variable here, since it looks like you're comparing against an empty string (triple equal sign is also used for strings) and a number. Should probably be if numOfPeople == null.",33,Quality,Triple equal signs are usually used for string comparisons,36,Quality,"Same as line 33, triple equal signs for string comparisons",39,Quality,"Same as 33 and 36, triple equal signs are used for string comparisons",Overall,Bug,"Seems like you have some form of input validation for the other two variables in this function, however serviceQuality does not have any. Not sure if further discussion is needed for what that means for the tipPercentage variable, as in if we need a default value or not.",44,Bug,"tipPercentage is declared and potentially defined, but is not used in the actual total calculation. Might need to change serviceQuality to tipPercentage here.",41,Bug,"This goes back to Comment 8, but it's possible tipPercentage may never be defined if serviceQuality does not fit into any of these values. Consider setting tipPercentage to some kind of default value so that the code doesn't break.",47,Bug,"Don't believe this line is needed if all you're trying to do is round to two decimal places, you just need the .toFixed(). Found this in case you need a reference: https://stackoverflow.com/questions/15762768/javascript-math-round-to-two-decimal-places",Overall,Quality,"Not sure what the standard is for comments in this code base. I like comments as much as the next dev, but in this case it seems like the comments here are unnecessary to what your code is trying to do. Might be worth some more discussion on how to standardize the rest of the code base.",,,,,,,,,,,,,,,,,,,,,,,,,4,0.0,0.5,0.0,0.0,-0.25,0.55,-0.16666666666666666,0.48333333333333334,-0.125,0.25,0.0,0.1875,0.0,0.1875,-0.125,0.5879629629629629,0.0,0.6166666666666667,0.09999999999999999,0.575,-0.2,0.4,-0.1388888888888889,0.5098765432098765,,,,,,,,,,,,,,,,,12,12,12,6,6,1,6,11,0.5,0.5,0.08333333333333333,0.5,0.9166666666666666,False,True,False,False,True
22,2019-11-27 15:46:45,2019-11-27 16:05:40,IP Address,100,1134,True,2019-11-27 16:05:41,R_2azqgBZCisEp2kD,,anonymous,EN,Male,,18 - 24,3-5 years,1-2 years,0-1 times per week,4 year degree,70,Employed by:,Slalom,Tip Calculator App,Female,Unsure,Amy,Female,,22,Quality,This check should be in getBillForTableFunction,7,Quality,should not be hardCoded in the app (should be config variable),overall,Bug,Handles bad numPeople input but no handle for invalid quality input. TipPercentage can be null,44,Bug,"should be ""(billAmount * tipPercentage) / numPeople""",19,Quality,tipPercentage should have an initial value,47,Quality,line does nothing. Value will be same when multiplied by 100 then divided by 100,5,Quality,Better comment for what response to expect from service,,,,,,,,,,,,,,,,,,,,,,,,,,,,,,,,,,,,,,,,3,0.0,0.0,0.0,0.0,-0.6999999999999998,0.6666666666666666,0.0,0.0,0.0,0.0,0.0,0.125,0.5,0.5,,,,,,,,,,,,,,,,,,,,,,,,,,,7,7,7,2,5,1,1,3,0.2857142857142857,0.7142857142857143,0.14285714285714285,0.14285714285714285,0.42857142857142855,False,True,False,True,True
23,2019-11-29 10:14:03,2019-11-29 10:33:18,IP Address,100,1155,True,2019-11-29 10:33:18,R_1mIfDm58zKU6yX8,,anonymous,EN,Male,,25 - 34,5-10 years,5-10 years,More than 7 times per week,4 year degree,100,Employed by:,Primity Bio,Tip Calculator App,Male,Unsure,Tom,Male,,7,quality,"You might want to move this out or use `const`, this is declaring a global variable inside a function which is confusing.",6,quality,"Async functions without awaits might not make sense, consider just a regular function or awaiting the response",overall,quality,Comments that just say what the code is doing could be improved by instead saying why,19,quality,Consider using `let`,44,bug,Multiplying a string: s/serviceQuality/tipPercentage. ,48,quality,"Should be able to just return String(total), it's already 2 decimal places",,,,,,,,,,,,,,,,,,,,,,,,,,,,,,,,,,,,,,,,,,,7,-0.15,0.2,0.0,0.07692307692307693,0.0,0.0,0.0,0.0,0.0,0.0,0.5,0.625,,,,,,,,,,,,,,,,,,,,,,,,,,,,,6,6,6,1,5,1,1,3,0.16666666666666666,0.8333333333333334,0.16666666666666666,0.16666666666666666,0.5,True,True,False,True,True
24,2019-12-02 13:37:10,2019-12-02 14:22:00,IP Address,100,2689,True,2019-12-02 14:22:00,R_8H2B6VJx0dpc6Gd,,anonymous,EN,Male,,35 - 44,15-20 years,10-15 years,4-7 times per week,4 year degree,61,Employed by:,Slalom,Tip Calculator App,Female,Unsure,Amy,Female,,7,Bug,Is there a secrets system in place to avoid checking the secret into source control?,18,Quality,"If billAmt were passed in, calculateTipPerPerson could run without dependencies, making it easy to test. Since it goes over a network, it's also more likely to have errors, so separating that part out would make error handling and debugging clearer.",18,Bug,"Since getBillForTable is async, it returns a promise so I think it needs to be awaited in order to get the value out",28,Quality,Making missing arguments or less than 1 mean just one person dining is unclear to me. What's the reason for that instead of requiring the correct number of diners to be passed in?,33,Quality,Is there a way to document the possible values that can be used? ,44,Bug,Think there's a typo here and it should be multiplying by tipPercentage,47,Quality,Why the *100/100 and .toFixed? Just the round isn't right?,,,,,,,,,,,,,,,,,,,,,,,,,,,,,,,,,,,,,,,,3,-0.4,0.7,0.3111111111111111,0.7777777777777778,0.0,0.0,-0.2263888888888889,0.26805555555555555,0.0,1.0,0.0,0.0,0.042857142857142844,0.46785714285714286,,,,,,,,,,,,,,,,,,,,,,,,,,,7,7,7,3,4,2,2,5,0.42857142857142855,0.5714285714285714,0.2857142857142857,0.2857142857142857,0.7142857142857143,False,True,False,True,True
25,2019-12-02 13:47:26,2019-12-02 15:07:35,IP Address,100,4809,True,2019-12-02 15:07:35,R_T8lXxUPhiQTCCcx,,anonymous,EN,Male,,35 - 44,5-10 years,3-5 years,1-3 times per week,4 year degree,90,Employed by:,Slalom,Tip Calculator App,Male,Unsure,Tom,Male,,overall,Quality,"I would recommend extracting the logic that is currently in each of the sections of `calculateTipPerPerson` into functions that have descriptive names. A good indicator of what blocks could be split into their own functions is the code comments you have heading each section. That way each function has a single responsibility that can be independently tested, and it's clear what code to change if a modification needs to be made to the business logic.",44,Bug,"In this calculation, the bill amount needs to be multiplied by *tip percentage*, a number, rather than by service quality, a string.",,,,,,,,,,,,,,,,,,,,,,,,,,,,,,,,,,,,,,,,,,,,,,,,,,,,,,,7,0.22142857142857142,0.45376984126984127,0.0,0.0,,,,,,,,,,,,,,,,,,,,,,,,,,,,,,,,,,,,,2,2,2,1,1,1,0,1,0.5,0.5,0.5,0.0,0.5,True,True,False,True,True
26,2019-12-02 13:51:25,2019-12-02 15:35:53,IP Address,100,6268,True,2019-12-02 15:35:53,R_1obadKVTCP1WlhH,,anonymous,EN,Male,,25 - 34,5-10 years,5-10 years,4-7 times per week,4 year degree,68,Employed by:,Slalom,Tip Calculator App,Unsure,Apps Inc,Amy,Female,,Overall,Quality,It's best to commit tests with code,44,Bug,serviceQuality is used instead of tipPercentage,Overall,Quality,Triple equals is generally preferred,Overall,Quality,"May want to keep strings in common area and have consistent case - e.g. ""OK"", ""Good"", ""Bad""",28,Quality,Do we need to worry about undefined or is that covered before entering this function?,Overall,Quality,You could extract methods to reduce the size of the calculateTipPerPerson method and remove comments,,,,,,,,,,,,,,,,,,,,,,,,,,,,,,,,,,,,,,,,,,,3,1.0,0.3,0.0,0.0,0.05000000000000002,0.5,0.09000000000000001,0.5033333333333333,0.0,0.0,0.0,0.0,,,,,,,,,,,,,,,,,,,,,,,,,,,,,6,6,6,1,5,3,0,3,0.16666666666666666,0.8333333333333334,0.5,0.0,0.5,False,True,True,False,True
27,2019-12-03 08:25:17,2019-12-03 08:32:50,IP Address,100,453,True,2019-12-03 08:32:51,R_28Pe9ps5yWvjYwg,,anonymous,EN,Male,,45 - 54,5-10 years,1-2 years,4-7 times per week,High school graduate,90,Employed by:,Brainspire,Tip Calculator App,Female,Apps Inc,Amy,Female,,19,Bug,No default for serviceQuality,,,,,,,,,,,,,,,,,,,,,,,,,,,,,,,,,,,,,,,,,,,,,,,,,,,,,,,,,,9,0.0,0.0,,,,,,,,,,,,,,,,,,,,,,,,,,,,,,,,,,,,,,,1,1,1,1,0,0,0,0,1.0,0.0,0.0,0.0,0.0,False,True,True,True,True
28,2019-12-03 08:35:46,2019-12-03 08:45:44,IP Address,100,597,True,2019-12-03 08:45:44,R_3oMlBBpLI2FJpDT,,anonymous,EN,Male,,25 - 34,3-5 years,< 1 year,4-7 times per week,4 year degree,60,Employed by:,VailResorts,Tip Calculator App,Unsure,Unsure,Tom,Male,,7,Quality,"Should an API key really be stored plain text? Even if so, probably should be a global variable somewhere",22,Bug,!billAmt is not proper logic as it is not a boolean,overall,Quality,quality should be enums and not hardcoded,,,,,,,,,,,,,,,,,,,,,,,,,,,,,,,,,,,,,,,,,,,,,,,,,,,,6,-0.0035714285714285657,0.3892857142857143,0.0,0.1,0.0,0.0,,,,,,,,,,,,,,,,,,,,,,,,,,,,,,,,,,,3,3,3,1,2,0,1,2,0.3333333333333333,0.6666666666666666,0.0,0.3333333333333333,0.6666666666666666,True,True,False,False,True
29,2019-12-03 12:07:10,2019-12-03 12:11:00,IP Address,100,230,True,2019-12-03 12:11:01,R_3oZ69CrAFT2a9EL,,anonymous,EN,Male,,25 - 34,3-5 years,0 years,More than 7 times per week,4 year degree,91,Employed by:,Cerner Corporation,Tip Calculator App,Female,Apps Inc,Amy,Female,,overall,Quality,calculateTipPerPerson is a long method with a lot of logic. It could be broken up into several methods.,,,,,,,,,,,,,,,,,,,,,,,,,,,,,,,,,,,,,,,,,,,,,,,,,,,,,,,,,,5,-0.15,0.26666666666666666,,,,,,,,,,,,,,,,,,,,,,,,,,,,,,,,,,,,,,,1,1,1,0,1,0,1,1,0.0,1.0,0.0,1.0,1.0,False,True,True,True,True
30,2019-12-03 11:55:30,2019-12-03 12:13:58,IP Address,100,1107,True,2019-12-03 12:13:58,R_1PZXA2RNWFQ90bI,,anonymous,EN,Male,,25 - 34,3-5 years,< 1 year,4-7 times per week,Professional degree,70,Employed by:,Large Company,Tip Calculator App,Unsure,Apps Inc,Tom,Male,,28,quality,no null check on numOfPeople,22,quality,"if BillAmt is 0 maybe it hasn't been entered yet or something, check for that",44,bug,"multiplying by tip percentage which appears to be a string, should be multiplying by (1+tipPercentage) here",47,quality,"(I don't use JS enough but) This looks kind of hacky, couldn't we move the Math.Round to line 44?",,,,,,,,,,,,,,,,,,,,,,,,,,,,,,,,,,,,,,,,,,,,,,,,,3,0.0,0.0,0.0,0.0,0.0,0.0,0.3,0.7,,,,,,,,,,,,,,,,,,,,,,,,,,,,,,,,,4,4,4,1,3,1,0,1,0.25,0.75,0.25,0.0,0.25,True,True,True,False,True
32,2019-12-03 11:53:58,2019-12-03 12:22:07,IP Address,100,1689,True,2019-12-03 12:22:08,R_1duzYeiPRyXXBS1,,anonymous,EN,Male,,25 - 34,3-5 years,1-2 years,1-3 times per week,4 year degree,80,Employed by:,Cerner,Tip Calculator App,Unsure,Apps Inc,Amy,Female,,28,Bug?,Why is the numOfPeople being compared to a string.. ,28,Quality,"""numOfPeople < 1""  reassigning the variable for no reason",33,Quality,Nit: Could probably use a switch statement here since we are comparing fixed values.,19,Quality,super Nit: I dont see a reason for tipPercentage and total to use var over let,34,Bug?,"wheres all the "";"" in those if elses ?",7,Bug?,appKey a global variable that we are we setting? or are we missing something here?,,,,,,,,,,,,,,,,,,,,,,,,,,,,,,,,,,,,,,,,,,,4,0.0,0.0,0.0,0.0,0.1,0.2,0.16666666666666666,0.7083333333333333,0.0,0.0,-0.1,0.025,,,,,,,,,,,,,,,,,,,,,,,,,,,,,6,6,6,3,3,2,1,3,0.5,0.5,0.3333333333333333,0.16666666666666666,0.5,False,True,True,False,True
36,2019-12-03 15:43:48,2019-12-03 15:45:39,IP Address,100,110,True,2019-12-03 15:45:39,R_2tytOiTuKynMCJh,,anonymous,EN,Male,,25 - 34,3-5 years,< 1 year,1-3 times per week,4 year degree,70,Employed by:,Slalom,Tip Calculator App,Male,Unsure,Amy,Female,,,,,,,,,,,,,,,,,,,,,,,,,,,,,,,,,,,,,,,,,,,,,,,,,,,,,,,,,,,,,,,,,,,,,,,,,,,,,,,,,,,,,,,,,,,,,,,,,,,,,,,0,0,0,0,0,0,0,0,,,,,,False,True,False,False,True
37,2019-12-03 15:46:43,2019-12-03 15:48:20,IP Address,100,97,True,2019-12-03 15:48:20,R_3nSO81eBaCncWlL,,anonymous,EN,Female,,25 - 34,3-5 years,< 1 year,1-3 times per week,4 year degree,92,Employed by:,Consulting Company,Tip Calculator App,Female,Apple Inc,Tom,Male,,,,,,,,,,,,,,,,,,,,,,,,,,,,,,,,,,,,,,,,,,,,,,,,,,,,,,,,,,,,,,4,,,,,,,,,,,,,,,,,,,,,,,,,,,,,,,,,,,,,,,,,0,0,0,0,0,0,0,0,,,,,,False,True,False,False,True
38,2019-12-03 15:22:31,2019-12-03 15:50:17,IP Address,100,1666,True,2019-12-03 15:50:17,R_2QALlxptuY0Cptu,,anonymous,EN,Male,,25 - 34,5-10 years,1-2 years,1-3 times per week,4 year degree,60,Employed by:,Slalom,Tip Calculator App,Unsure,Unsure,Tom,Male,,7,Quality,Should not have secret as text in the code,23,Quality,Use console.log instead of alert (which alerts to web page),24,Quality,Return something so the calling function can handle it,28,Bug,Validate numOfPeople is an int and cannot be less than 1,41,Quality,Have an else case or validate serviceQuality ahead of time is within the checked values,34,Quality,Add ';' at the end of assignment to be consistent,37,Quality,Add ';' at the end of assignment to be consistent,40,Quality,Add ';' at the end of assignment to be consistent,44,Bug,Should not multiply by service quality,47,Bug,Don't need this as it strips the decimals,,,,,,,,,,,,,,,,,,,,,,,,,,,,,,,3,-0.4,0.7,0.0,0.0,0.0,0.0,-0.16666666666666666,0.06666666666666667,0.0,0.0,0.25,0.25,0.25,0.25,0.25,0.25,0.0,0.0,0.0,0.0,,,,,,,,,,,,,,,,,,,,,10,10,10,3,7,3,2,5,0.3,0.7,0.3,0.2,0.5,True,True,False,False,True
39,2019-12-03 15:31:12,2019-12-03 15:53:28,IP Address,100,1335,True,2019-12-03 15:53:28,R_1HoYbihoWBvMcKI,,anonymous,EN,Male,,35 - 44,5-10 years,10-15 years,4-7 times per week,Some college,70,Employed by:,Slalom,Tip Calculator App,Unsure,Unsure,Amy,Female,,13,quality,Please avoid leaving console.log()'s in code. Consider implementing an actual error.,18,quality,billAmt never changes and can be a const,19,quality,Please use let instead of var,44,quality,Please use let instead of var,33,quality,use strict equality `===`,36,quality,use strict equality `===`,39,quality,use strict equality `===`,41,quality,There is no catch all else in the if/else block. Consider using a switch statement.,,,,,,,,,,,,,,,,,,,,,,,,,,,,,,,,,,,,,6,0.0,0.1,0.0,0.0,0.0,0.0,0.0,0.0,0.0,0.0,0.0,0.0,0.0,0.0,0.0,0.0,,,,,,,,,,,,,,,,,,,,,,,,,8,8,8,0,8,0,0,1,0.0,1.0,0.0,0.0,0.125,False,True,False,False,True
41,2019-12-03 15:31:22,2019-12-03 16:33:07,IP Address,100,3704,True,2019-12-03 16:33:07,R_3NX0OVXsKr2iABl,,anonymous,EN,Male,,25 - 34,5-10 years,3-5 years,4-7 times per week,4 year degree,65,Employed by:,Slalom,Tip Calculator App,Unsure,Apps Inc,Amy,Female,,Overall,Quality,"In my opinion, many of the comments are overkill/unnecessary as long as descriptive function names are used, however depending on the preferences of the audience they may be fine.",7,Quality,"Variable should at least have a declaration type (const/let), or potentially be removed since it is only referenced once",6,Quality,"async keyword is only necessary if await keyword is used in the function, either remove the async or use await instead of .then syntax",19,Quality,"Variable should be declared closer to where it is used, e.g. before line 33",39,Quality,"No validation is done on serviceQuality variable. The last condition (line 39) could be changed to an else, or an additional else block could be added that raises an error/alert if serviceQuality doesn't match any of the other conditions.",44,Bug,This will fail since it is multiplying by serviceQuality which is a string. Should be replaced with tipPercentage.,33,Quality,Generally === is preferred over == for this kind of comparison,34,Quality,Spacing for this line (as well as lines 37 and 40) doesn't match spacing for rest of file,Overall,Quality,"Semicolons are not being used consistently (absent from lines 7, 34, 37, 40). Either add them there or remove all of them depending on style choice.",Overall,Quality,I'd replace any of the uses of var with either const or let,,,,,,,,,,,,,,,,,,,,,,,,,,,,,,,6,0.2888888888888889,0.4666666666666666,-0.09999999999999999,0.7999999999999999,0.0,1.0,0.0,0.0,-0.0625,0.22083333333333333,-0.5,0.29999999999999993,0.325,0.7,0.0,0.0,0.25,0.25,0.0,0.0,,,,,,,,,,,,,,,,,,,,,10,10,10,1,9,3,3,7,0.1,0.9,0.3,0.3,0.7,False,True,True,False,True
42,2019-12-03 16:29:43,2019-12-03 16:33:47,IP Address,100,243,True,2019-12-03 16:33:47,R_1rxLNbtJmAEfINc,,anonymous,EN,Male,,35 - 44,15-20 years,15-20 years,More than 7 times per week,Some college,91,Employed by:,Vail Resorts,Tip Calculator App,Male,Unsure,Tom,Male,,19,quality,var declaration,,,,,,,,,,,,,,,,,,,,,,,,,,,,,,,,,,,,,,,,,,,,,,,,,,,,,,,,,,9,0.0,0.0,,,,,,,,,,,,,,,,,,,,,,,,,,,,,,,,,,,,,,,1,1,1,0,1,0,0,0,0.0,1.0,0.0,0.0,0.0,True,True,False,True,True
43,2019-12-03 17:00:40,2019-12-03 17:21:16,IP Address,100,1235,True,2019-12-03 17:21:16,R_u3nsLeTwRVf5zwJ,,anonymous,EN,Male,,25 - 34,10-15 years,5-10 years,4-7 times per week,Some college,75,Employed by:,Slalom Build,Tip Calculator App,Unsure,Apps Inc,Amy,Female,,10,Quality,The function is an async function. You can use await here instead of the traditional promise 'then' and 'catch'.,18,Bug,"The return value of getBillForTable is a promise, but you are treating it like a final value. Either make this function async and use await, or treat it as a promise and use .then.",7,Quality,"Secret key should come from a config, not be hardcoded.",8,Quality,Use string interpolation here with backtick strings.,18,Quality,"Use a const here, as the variable doesn't change.",44,Bug,The variable serviceQuality is used here. Did you intend to use tipPercentage?,19,Bug,"Use let instead of var here. Also this variable is unused, see comment on line 44.",28,Bug,"Instead of checking for an empty string, check for !numOfPeople. This will cover undefined, null, or any falsy value. You can also check the type of the value to see if it's a string or integer, and handle each.",33,Quality,Consider using case insensitive equality checks here,41,Bug,"What happens if the service quality is not any of these values? Should handle a default value, or throwing a proper error.",48,Quality,You are converting an integer to a string here. Consider storing this into a different variable to keep the new data type clear and separate.,,,,,,,,,,,,,,,,,,,,,,,,,,,,5,0.0,0.75,0.0,1.0,-0.2,0.85,0.0,0.0,0.0,0.0,0.0,0.0,0.0,0.0,-0.125,0.5,0.0,0.0,0.0,0.1,0.0787878787878788,0.47929292929292927,,,,,,,,,,,,,,,,,,,11,11,11,5,6,1,2,6,0.45454545454545453,0.5454545454545454,0.09090909090909091,0.18181818181818182,0.5454545454545454,False,True,True,False,True
45,2019-12-03 17:31:10,2019-12-03 18:12:52,IP Address,100,2501,True,2019-12-03 18:12:52,R_BE7UdmxcEgjmlTX,,anonymous,EN,Male,,25 - 34,5-10 years,5-10 years,1-3 times per week,4 year degree,60,Employed by:,,Tip Calculator App,Unsure,Unsure,Amy,Female,,7,Quality,Application keys shouldn't be hard coded. This variable also doesn't appear to be declared,18,Bug,getBillForTable returns a promise; this needs to use await the wait it's being used here as well as async on calculateTipPerPerson (the async on getBillForTable is unnecessary),19,Quality,"Use of var here is inconsistent; let is preferred in this case, but at least it should be consistent; also should be declared closer to where it's used for readability",18,Quality,This should be declared with const rather than let if it's immutable,22,Bug,"Evaluation should be explicit; this will return true for 0, false, null, and undefined",Overall,Quality,"It's unclear if this is meant to run in a browser or backend. If it's front end, there's some browser compat issues that may be bugs",23,Quality,Who is this alert intended for and what should they do with this information?,24,Bug,A void return here may cause a bug downstream; should this throw an error instead or is this handled?,28,Bug,"Checking if this is an Integer (and not float) value is likely preferred to '', then make sure it's at least 1; this line assumes it could be any value (also, is this needed?)",44,Quality,Consistency with using let or var for all mutable variables,48,Bug,This returns a string not float/double - is this intended? It may make more sense to leave numerical and only convert to string for string operations or UI requirements,48,Quality,Is the toFixed(2) even needed? Doesn't line 47 always return to two decimals?,33,Quality,Consider enum structure or other class outside of this function for reusability,36,Quality,else if preferred on same line of previous brace for readability,,,,,,,,,,,,,,,,,,,7,-0.2916666666666667,0.5416666666666666,-0.4,0.9,-0.024999999999999994,0.325,0.0,0.0,-0.02500000000000005,0.625,0.0,0.0,0.0,0.0,0.0,0.0,0.06666666666666667,0.762962962962963,0.0,0.0,0.25,0.75,0.0,0.0,-0.0625,0.2125,-0.08333333333333333,0.14583333333333331,,,,,,,,,,,,,14,14,14,5,9,2,6,8,0.35714285714285715,0.6428571428571429,0.14285714285714285,0.42857142857142855,0.5714285714285714,False,True,False,False,True
46,2019-12-03 17:18:28,2019-12-03 18:14:49,IP Address,100,3381,True,2019-12-03 18:14:49,R_2aKSj2o00dzrlQY,,anonymous,EN,Male,,25 - 34,5-10 years,5-10 years,4-7 times per week,4 year degree,70,Employed by:,Slalom,Tip Calculator App,Unsure,Unsure,Tom,Male,,overall,Quality,Inconsistent spacing; use 2 spaces for indentation,7,Bug,appKey isn't defined; use `const` to define it,overall,Quality,Use semicolons,8,Quality,Use template literals,10-11,Bug,Check to make sure response status is a 200,18,Bug,getBillForTable() is an asynchronous function; wait for it to resolve,18,Quality,"`billAmt` is a constant, so declare it with `const`",19,Quality,"Use `let`, not `var`. Also declare it closer to where it's used",overall,Quality,"Use single quotes, not double quotes",23,Quality,Don't use `alert()` -- show the error some other way,28,Bug,Is `numOfPeople` a string or a number?,"33, 36, 39",Quality,Use `===` instead of `==`,44,Quality,"Use `let`, not `var`",47-48,Quality,"You don't need to round to two decimal places twice. If you're just trying to return a string, you can just use `total.toFixed(2)`. Otherwise, `Math.round(total * 100) / 100` works for returning a number",,,,,,,,,,,,,,,,,,,6,0.0,0.0,0.0,0.0,0.0,0.0,0.0,0.0,0.5,0.8888888888888888,0.0,0.0,0.0,0.3333333333333333,0.0,0.0,-0.03571428571428571,0.10714285714285714,-0.125,0.375,0.0,0.0,0.0,0.0,0.0,0.0,-0.2,0.4,,,,,,,,,,,,,14,14,14,4,10,1,3,5,0.2857142857142857,0.7142857142857143,0.07142857142857142,0.21428571428571427,0.35714285714285715,True,True,False,False,True
47,2019-12-04 06:46:04,2019-12-04 07:01:37,IP Address,100,933,True,2019-12-04 07:01:38,R_R4yC9m1wHrnX5Xb,,anonymous,EN,Female,,18 - 24,1-2 years,1-2 years,4-7 times per week,4 year degree,85,Employed by:,Slalom,Tip Calculator App,Male,Unsure,Tom,Male,,7,Quality,Secret keys should not be hard coded -- move to environment var,8,Quality,API url should not be hard coded -- move to environment variable,8,Quality,Nitpick -- use `${var}` for string interpolation instead of +,39,Quality,"Make sure if/else if tree ends with a default or else statement, otherwise tipPercentage will be undefined",33,Quality,"Make string comparisons case-insensitive, or at least use a consistent capitalization system. ",36,Quality,"Make string comparisons case-insensitive, or at least use a consistent capitalization system",39,Quality,"Make string comparisons case-insensitive, or at least use a consistent capitalization system",44,Bug,serviceQuality is a string. Do you mean tipPercentage?,18,Bug,"getBillForTable is an asynchronous function, it should be awaited",48,Quality,this line seems unnecessary,33,Quality,"Instead of using if/else, maybe iterate across an array of tuples that match a service quality to tipPercentage. This would be easier to scale",24,Bug,Throw an error here instead of returning to show that there's an error,,,,,,,,,,,,,,,,,,,,,,,,,3,-0.3458333333333333,0.6208333333333333,-0.2916666666666667,0.5416666666666666,0.0,0.0,0.5,0.8888888888888888,-0.024999999999999994,0.325,-0.024999999999999994,0.325,-0.024999999999999994,0.325,-0.3125,0.6875,0.0,0.0,-0.4,0.9,0.0,0.0,0.0,0.0,,,,,,,,,,,,,,,,,12,12,12,3,9,1,7,8,0.25,0.75,0.08333333333333333,0.5833333333333334,0.6666666666666666,False,True,False,True,True
48,2019-12-04 09:30:14,2019-12-04 09:39:18,IP Address,100,543,True,2019-12-04 09:39:18,R_21hNURXCKmXvzed,,anonymous,EN,Male,,35 - 44,10-15 years,3-5 years,4-7 times per week,Professional degree,80,Employed by:,Slalom Consulting,Tip Calculator App,Female,Unsure,Amy,Female,,7,quality,use an injectable configuration service,8,quality,use the URL javascript library to build this url,6,bug,verify tableId is valid before continuing the function,19,quality,unused variable,17,quality,verify args before continuing function,44,bug,total will always be NaN,overall,bug,function calculateTipPerPerson does not work does not work,,,,,,,,,,,,,,,,,,,,,,,,,,,,,,,,,,,,,,,,3,0.0,0.0,0.0,0.0,0.0,0.0,0.0,0.0,0.0,0.0,0.0,0.75,0.0,0.0,,,,,,,,,,,,,,,,,,,,,,,,,,,7,7,7,3,4,0,0,1,0.42857142857142855,0.5714285714285714,0.0,0.0,0.14285714285714285,False,True,False,True,True
50,2019-12-04 17:12:37,2019-12-04 17:27:22,IP Address,100,884,True,2019-12-04 17:27:22,R_AhWLUpIQjusHLGh,,anonymous,EN,Male,,25 - 34,3-5 years,< 1 year,4-7 times per week,4 year degree,100,Employed by:,facebook,Tip Calculator App,Female,Unsure,Amy,Female,,2,Quality,Useless comment/clutter,5,Quality,Useless comment/clutter,7,Quality,Secret key should not be client side,18,Bug,getBillForTable is async wrapped in synchronous call,22,Quality,Check for actual response values,33-41,Quality,"Maintain better code practice, have a map to maintain values.  inconsistent use of semi colons",44,Bug,"serviceQuality should be tipPercentage. using the name 'total' is misleading since total can be ""tip + bill amount"" would recommend a rename",47-48,Quality,use some built in functions to do this for you instead of having custom math,41,Bug,no checks for unknown serviceQuality,28,Quality,should throw some exception instead of assuming numOfPeople is 1,,,,,,,,,,,,,,,,,,,,,,,,,,,,,,,4,-0.5,0.2,-0.5,0.2,-0.2,0.85,0.0,0.0,0.0,0.1,0.5,0.5,0.0,0.75,0.0,0.0,-0.1,0.6,0.0,0.0,,,,,,,,,,,,,,,,,,,,,10,10,10,3,7,1,4,7,0.3,0.7,0.1,0.4,0.7,False,True,False,True,True
51,2019-12-04 18:24:26,2019-12-04 18:36:00,IP Address,100,694,True,2019-12-04 18:36:01,R_3qyRWCY0y8G2eze,,anonymous,EN,Male,,25 - 34,3-5 years,0 years,Never,4 year degree,100,Employed by:,,Tip Calculator App,Male,Unsure,Tom,Male,,overall,Quality,inconsistent declaration let/var/(none),7,Bug,no semicolon,34,Bug,no semicolon,33,Bug,should be ===?,,,,,,,,,,,,,,,,,,,,,,,,,,,,,,,,,,,,,,,,,,,,,,,,,3,0.0,0.0,0.0,0.0,0.0,0.0,0.0,0.0,,,,,,,,,,,,,,,,,,,,,,,,,,,,,,,,,4,4,4,3,1,0,0,0,0.75,0.25,0.0,0.0,0.0,True,True,False,True,True
52,2019-12-04 19:50:27,2019-12-04 19:58:08,IP Address,100,461,True,2019-12-04 19:58:08,R_3Ok9lq5FU9h7BdU,,anonymous,EN,Female,,25 - 34,1-2 years,0 years,1-3 times per week,4 year degree,75,Unemployed / Student,,Tip Calculator App,Female,Unsure,Amy,Female,,48,Bug,Should divide by 100.0 to maintain decimal?,28,Bug,"Use parens on either side of the ||, it may evaluate the ""||"" operation first. Not sure about this, haven't coded in a few years.",Overall,Quality,Tabbing is somewhat inconsistent w/ the close brackets,44,Bug,Should multiply by tipPercentage not serviceQuality,,,,,,,,,,,,,,,,,,,,,,,,,,,,,,,,,,,,,,,,,,,,,,,,,6,0.0,0.0,-0.06666666666666667,0.4407407407407407,0.0,0.0,0.0,0.0,,,,,,,,,,,,,,,,,,,,,,,,,,,,,,,,,4,4,4,3,1,0,1,1,0.75,0.25,0.0,0.25,0.25,True,True,False,True,True
53,2019-12-04 20:24:21,2019-12-04 20:41:11,IP Address,100,1010,True,2019-12-04 20:41:11,R_2akSppPIi05hVMZ,,anonymous,EN,Male,,25 - 34,3-5 years,1-2 years,More than 7 times per week,4 year degree,80,I prefer not to say,,Tip Calculator App,Male,Unsure,Tom,Male,,18,Bug,getBillForTable returns a promise but this line treats it as if it returns a number,18,Quality,billAmt should be declared as const as it's never reassigned,33,Quality,should compare with ===,36,Quality,should compare with ===,39,Quality,should compare with ===,7,Bug,appKey should be declared with const to avoid overwriting global,44,Bug,"should multiply billAmt by tipPercentage, not serviceQuality",22,Quality,should check billAmt against undefined / null explicitly to avoid comparison against falsy numeric values,,,,,,,,,,,,,,,,,,,,,,,,,,,,,,,,,,,,,4,0.0,0.0,0.0,0.0,0.0,0.0,0.0,0.0,0.0,0.0,0.0,0.0,0.0,0.0,0.0,0.0,,,,,,,,,,,,,,,,,,,,,,,,,8,8,8,3,5,0,0,0,0.375,0.625,0.0,0.0,0.0,True,True,False,True,True
54,2019-12-05 12:20:17,2019-12-05 12:29:40,IP Address,100,563,True,2019-12-05 12:29:41,R_3g1sm2YNPqyDaPr,,anonymous,EN,Male,,45 - 54,20+ years,10-15 years,1-3 times per week,4 year degree,72,Employed by:,Mainstream Technologies,Tip Calculator App,Female,Unsure,Amy,Female,,8,Quality,Do you want to pass secret data in the url,,,,,,,,,,,,,,,,,,,,,,,,,,,,,,,,,,,,,,,,,,,,,,,,,,,,,,,,,,7,-0.4,0.7,,,,,,,,,,,,,,,,,,,,,,,,,,,,,,,,,,,,,,,1,1,1,0,1,0,1,1,0.0,1.0,0.0,1.0,1.0,False,True,False,True,True
55,2019-12-05 14:15:36,2019-12-05 14:21:19,IP Address,100,342,True,2019-12-05 14:21:19,R_3J902Wy00bG4uOQ,,anonymous,EN,Female,,25 - 34,1-2 years,1-2 years,4-7 times per week,4 year degree,90,Employed by:,Slalom,Tip Calculator App,Female,Unsure,Amy,Female,,19,Quality,Do we need to use var or can let be used instead?,48,Quality,Lines 47 & 48 can be combined ,13,Quality,Please remove this console log,,,,,,,,,,,,,,,,,,,,,,,,,,,,,,,,,,,,,,,,,,,,,,,,,,,,8,0.0,0.0,0.0,0.0,0.0,0.0,,,,,,,,,,,,,,,,,,,,,,,,,,,,,,,,,,,3,3,3,0,3,0,0,0,0.0,1.0,0.0,0.0,0.0,True,True,False,True,True
56,2019-12-05 14:12:32,2019-12-05 14:23:53,IP Address,100,680,True,2019-12-05 14:23:55,R_1lz9hp6vCA57p1h,,anonymous,EN,Male,,18 - 24,1-2 years,1-2 years,1-3 times per week,4 year degree,75,Employed by:,Slalom,Tip Calculator App,Male,Apps Inc,Tom,Male,,19,Quality,let instead of var,18,Quality,const instead of let,44,Quality,let instead of var,33,Quality,could use switch statement,7,Quality,avoid storing secrets in codebase,47,Quality,unnecessary line,18,Bug,calculateTipPerPerson should be async and line 18 should be awaited,44,Bug,should multiply by tipPercentage instead of serviceQuality,,,,,,,,,,,,,,,,,,,,,,,,,,,,,,,,,,,,,6,0.0,0.0,0.0,0.0,0.0,0.0,0.0,0.0,0.0,0.0,-0.4,0.9,0.0,0.0,0.0,0.0,,,,,,,,,,,,,,,,,,,,,,,,,8,8,8,2,6,0,1,1,0.25,0.75,0.0,0.125,0.125,True,True,True,True,True
57,2019-12-05 14:14:06,2019-12-05 14:35:21,IP Address,100,1274,True,2019-12-05 14:35:21,R_3m93rbkSlsOVYJQ,,anonymous,EN,Female,,35 - 44,10-15 years,10-15 years,4-7 times per week,4 year degree,90,Employed by:,Slalom,Tip Calculator App,Unsure,Apps Inc,Tom,Male,,7,Quality,It's not good to store secrets in functions and files like this. It's best to use a Secrets Manager or another way.,6,Quality,I'm not sure why this function is marked as async. ,19,Quality,"You declare tipPercentage before you are ready to use it. You could also assign it a default value, simplifying the if statement that starts on line 33.",18,Bug,This should be a const since it doesn't change after you set it here.,28,Bug,"numOfPeople could also be undefined, which would also count as being empty. ",29,Bug,"Why are you checking to see if it is less than or EQUAL to one, if you are just setting it to 1 if it is?",33,Quality,"If serviceQuality is empty, undefined, or somethine else, what should the tip be?",33,Quality,A Switch statement might be better used here.,44,Bug,I think you meant to use tipPercentage instead of serviceQuality since that is a string value and tipPercentage is numeric and this is math.,44,Bug,Not having tipPercentage set to a default value in line 19 will cause an error if you sub it in here for serviceQuality.,47,Bug,I'm thrown off by the times by 100 just to divide by it.,,,,,,,,,,,,,,,,,,,,,,,,,,,,6,0.325,0.45000000000000007,-0.075,0.7444444444444445,0.2,0.5,0.0,0.0,-0.1,0.5,-0.08333333333333333,0.15833333333333333,-0.1,0.5,0.5,0.5,0.0,0.0,0.0,0.0,0.0,0.0,,,,,,,,,,,,,,,,,,,11,11,11,6,5,3,4,7,0.5454545454545454,0.45454545454545453,0.2727272727272727,0.36363636363636365,0.6363636363636364,False,True,True,False,True
58,2019-12-05 14:17:23,2019-12-05 14:36:59,IP Address,100,1176,True,2019-12-05 14:36:59,R_0HUzF2n2YgIeAHn,,anonymous,EN,Male,,25 - 34,3-5 years,3-5 years,1-3 times per week,4 year degree,80,I prefer not to say,,Tip Calculator App,Female,Unsure,Amy,Female,,11,Quality,mixing async and promises,18,Bug,"can't run the code so i'm not sure, but it looks weird calling an async function synchronously. I think you should await getBillForTable to ensure the response comes before validating that it exists. ",18,Quality,billAmt could be const,7,Quality,question: Whats the reason for appKey?,28,Bug,could numOfPeople be undefined?,44,Bug,total is multiplied by string serviceQuality instead of tipPercentage,41,Bug,"is there a default tipPercentage, or what is serviceQuality is undefined?","44,19",Quality,"mixing var with let, const.",8,Quality,I think template literals are a bit more readable and less prone to errors,,,,,,,,,,,,,,,,,,,,,,,,,,,,,,,,,,3,0.0,0.0,-0.375,0.9444444444444444,0.0,0.0,0.0,0.0,0.0,0.0,0.0,0.75,0.0,0.0,0.0,0.0,0.16666666666666669,0.2833333333333333,,,,,,,,,,,,,,,,,,,,,,,9,9,9,4,5,1,1,3,0.4444444444444444,0.5555555555555556,0.1111111111111111,0.1111111111111111,0.3333333333333333,False,True,False,True,True
59,2019-12-05 14:19:19,2019-12-05 14:48:06,IP Address,100,1726,True,2019-12-05 14:48:06,R_2OGAhNFA8afLs72,,anonymous,EN,Female,,25 - 34,3-5 years,1-2 years,0-1 times per week,4 year degree,80,Employed by:,,Tip Calculator App,Unsure,Unsure,Amy,Female,,44,Bug,Using serviceQuality instead of tipPercentage in calculation,44,Quality,"""total"" may not be the best variable name; consider naming this ""tipPerPerson"" or something similar",47,Bug,This line is unnecessary; using .toFixed(2) on the next line more clearly accomplishes the rounding on its own.,"33,36,39",Quality,Consider testing for strict equality (===),28,Bug,"The best test for empty input is !numOfPeople instead of numOfPeople === """"",12,Bug,You are not returning the bill amount!,,,,,,,,,,,,,,,,,,,,,,,,,,,,,,,,,,,,,,,,,,,5,0.0,0.0,0.3333333333333333,0.4833333333333334,0.16,0.5566666666666666,0.5,1.0,0.4375,0.4,0.0,0.0,,,,,,,,,,,,,,,,,,,,,,,,,,,,,6,6,6,4,2,4,0,4,0.6666666666666666,0.3333333333333333,0.6666666666666666,0.0,0.6666666666666666,True,True,False,False,True
60,2019-12-05 14:27:06,2019-12-05 15:10:47,IP Address,100,2620,True,2019-12-05 15:10:47,R_2ZWxsPweQNTa3bX,,anonymous,EN,Male,,25 - 34,5-10 years,1-2 years,1-3 times per week,4 year degree,80,Employed by:,Slalom,Reservation App,Male,Unsure,Tom,Male,,7,Quality,"Is this actually a secret?  If so, it should probably be managed securely somewhere else, outside of the source code.  If it's not really a secret, consider moving to an environment specific config file.",8,Quality,"Consider moving the base URL to an environment config.  Also, is there an https variant available?",19,Bug,"Variable is not initialized and never read.  Also, you should use let to keep the scope of the variable within this function.",44,Bug,"You're multiplying by serviceQuality (which is a string) here instead of tipPercentage.  Also, you should use let instead of var to limit the scope of the variable to this function.  Also, even if this was pulling the correct number, this would only give you the tip amount per person, not the total.  You would either have to add billAmt + billAmt * tipPercentage or change the tipPercentage values to 1.2, 1.15, and 1.1",28,Bug,The === check against the empty string won't catch all empty cases: use == or add additional cases.,18,Bug,You're calling an async function here without an await.,11,Bug,"Just because fetch didn't reject with an error doesn't mean it was successful, you need to check response.ok",47,Bug,"Remove this line.  You don't need both this and the next line, toFixed is less error prone and it's clearer what you're doing.",,,,,,,,,,,,,,,,,,,,,,,,,,,,,,,,,,,,,3,0.04,0.43499999999999994,-0.2,0.7,0.0,0.0,0.0,0.875,-0.1,0.5,0.0,0.0,0.21875,0.81875,-0.08333333333333333,0.03333333333333333,,,,,,,,,,,,,,,,,,,,,,,,,8,8,8,6,2,2,3,6,0.75,0.25,0.25,0.375,0.75,True,False,False,True,True
61,2019-12-05 15:08:03,2019-12-05 15:31:57,IP Address,100,1433,True,2019-12-05 15:31:58,R_1n9JnnDyiHEi8Ts,,anonymous,EN,Male,,35 - 44,3-5 years,3-5 years,4-7 times per week,Some college,90,Employed by:,Slalom,Tip Calculator App,Unsure,Unsure,Tom,Male,,1,Quality,Remove comment,8,Bug,Url should be in configuration,8,Quality,Use template strings,7,Quality,App key should be in configuration,11,Quality,Chained promises do not seem necessary,18,Quality,Use const,19,Quality,Use let,13,Bug,need better error handling,23,Bug,need better error handling,28,Bug ,checking for empty strings but not all falsey values,33,Bug,What if serviceQuality isn't populated. Use enum.,44,Bug,tippercentage isn't used,44,Quality,use const,44,Quality,rename var to something more meaningful,48,Bug,what is this doing,,,,,,,,,,,,,,,,3,0.0,0.0,0.0,0.0,0.0,0.0,0.0,1.0,0.0,1.0,0.0,0.0,0.0,0.0,0.5,0.5,0.5,0.5,-0.1,0.5,0.0,0.0,0.0,0.0,0.0,0.0,0.5,0.5,0.0,0.0,,,,,,,,,,,15,15,15,7,8,3,1,6,0.4666666666666667,0.5333333333333333,0.2,0.06666666666666667,0.4,True,True,False,False,True
62,2019-12-06 05:24:36,2019-12-06 05:36:00,IP Address,100,683,True,2019-12-06 05:36:00,R_3HzAHoTSSjsUAMB,,anonymous,EN,Female,,45 - 54,5-10 years,1-2 years,1-3 times per week,Professional degree,85,Employed by:,,Tip Calculator App,Male,Apps Inc,Tom,Male,,18,Bug,"should ""Await"" the response",17,Bug,Should also be an Async function,44,Bug,'serviceQuality' should be 'tipPercentage',33,Bug,"Account for anything else besides 'Good, Bad,  OK.'  Account for spelling??",19,Quality,"""let"" would be better than ""var""",,,,,,,,,,,,,,,,,,,,,,,,,,,,,,,,,,,,,,,,,,,,,,8,0.0,0.0,0.0,0.0,0.0,0.0,0.1666666666666667,0.5888888888888889,0.5,0.5,,,,,,,,,,,,,,,,,,,,,,,,,,,,,,,5,5,5,4,1,2,0,2,0.8,0.2,0.4,0.0,0.4,False,True,True,True,True
63,2019-12-06 05:27:12,2019-12-06 05:46:50,IP Address,100,1178,True,2019-12-06 05:46:51,R_1kMLkNqaVHGFE3k,,anonymous,EN,Male,,35 - 44,3-5 years,1-2 years,1-3 times per week,4 year degree,71,Employed by:,Slalom,Tip Calculator App,Female,Apps Inc,Amy,Female,,7,bug,appKey is undefined,8,quality,consider using es6 string interpolation over concatenation,10-13,quality,consider using async await syntax over promise handling,33-41,quality,while not needed here it may be a good idea to use === as a default comparison operator,44,bug,trying to multiply a number (should prob do a Nan check on this also) 'billAmt' and a string 'serviceQuality' - change 'serviceQuality' to 'tipPercentage',47,bug,1 - why multiply then divide - this is unecessary and could cause rounding error - 2 - math.round returns an integer and WILL cause a rounding error,48,bug?,"the number from line 47 is already an integer - if this is expected, then dont need to round",,,,,,,,,,,,,,,,,,,,,,,,,,,,,,,,,,,,,,,,3,0.0,0.0,0.0,0.0,0.0,0.0,0.7,0.6000000000000001,0.0,0.0,0.0,0.0,-0.15000000000000002,0.4,,,,,,,,,,,,,,,,,,,,,,,,,,,7,7,7,4,3,1,1,2,0.5714285714285714,0.42857142857142855,0.14285714285714285,0.14285714285714285,0.2857142857142857,False,True,True,True,True
64,2019-12-06 12:44:53,2019-12-06 13:09:01,IP Address,100,1448,True,2019-12-06 13:09:02,R_eLGqBCLhX1st6KJ,,anonymous,EN,Male,,35 - 44,10-15 years,10-15 years,4-7 times per week,4 year degree,70,Employed by:,,Tip Calculator App,Male,Unsure,Tom,Male,,7,security,appKey exposed,8,quality,set api url in env or settings file,11-13,quality,re-simplify callbacks. 1 then instead of 2.,overall,bug,what if tipPercentage is not defined - serviceQuality isn't validated/verified,44,quality,use let instead of var,22,bug,what if billAmt has a value but not truthy,28,bug,error out if numOfPeople is not valid. do not overwrite param (numOfPeople) value here - it is not obvious to the caller.,"19, 44",bug,serviceQuality is a string or an int? Did we mean to multiply by tipPercentage instead? tipPercentage being declared and set but never used.,13,overall,not handling errors properly. catching and returning nothing.,33,quality,"use ""==="" consistently for conditional comparison",33,overall,compare serviceQuality string as case-insensitive,,,,,,,,,,,,,,,,,,,,,,,,,,,,1,0.0,0.0,0.0,0.0,0.0,0.0,0.0,0.0,0.0,0.0,0.0,0.0,0.0,0.5,-0.15625,0.34375,0.6,0.9,0.25,0.25,0.0,0.0,,,,,,,,,,,,,,,,,,,11,11,11,4,4,2,1,4,0.36363636363636365,0.36363636363636365,0.18181818181818182,0.09090909090909091,0.36363636363636365,True,True,False,True,True
65,2019-12-06 13:10:29,2019-12-06 13:20:38,IP Address,100,608,True,2019-12-06 13:20:38,R_2cbVCvuQZu4JbY6,,anonymous,EN,Male,,35 - 44,3-5 years,3-5 years,4-7 times per week,4 year degree,70,I prefer not to say,,Tip Calculator App,Unsure,Unsure,Amy,Female,,7,Quality,"I would not make it a global variable, keep it in process.env",8,Quality,"Same, api url shoud be a env var",18,Quality,"if you don't reassign variables, use 'const' instead of 'let'",19,Quality,Unused var,28,Quality,"numOfPeople could be a string, I'd cast it to a number before comparison",33,Quality,"always use strict comparison '===', same for cases below",44,Quality,"Instead of 'var', use 'let' in that particular case",,,,,,,,,,,,,,,,,,,,,,,,,,,,,,,,,,,,,,,,6,0.0,0.0,0.0,0.125,0.0,0.0,0.0,0.0,0.0,0.0,0.0,0.125,0.16666666666666666,0.3333333333333333,,,,,,,,,,,,,,,,,,,,,,,,,,,7,7,7,0,7,1,0,3,0.0,1.0,0.14285714285714285,0.0,0.42857142857142855,False,True,False,False,True
66,2019-12-06 14:02:34,2019-12-06 14:07:21,IP Address,100,287,True,2019-12-06 14:07:22,R_1hSHTgaCwZNOnaE,,anonymous,EN,Male,,18 - 24,1-2 years,< 1 year,4-7 times per week,4 year degree,92,Employed by:,Slalom,Tip Calculator App,Male,Unsure,Tom,Male,,7,Quality,"Shouldn't store API key here, probably extract to environment variable",,,,,,,,,,,,,,,,,,,,,,,,,,,,,,,,,,,,,,,,,,,,,,,,,,,,,,,,,,7,0.0,1.0,,,,,,,,,,,,,,,,,,,,,,,,,,,,,,,,,,,,,,,1,1,1,0,1,0,0,1,0.0,1.0,0.0,0.0,1.0,True,True,False,True,True
67,2019-12-06 14:10:38,2019-12-06 14:19:33,IP Address,100,534,True,2019-12-06 14:19:33,R_1ez7Rvz7hmMZSX1,,anonymous,EN,Male,,18 - 24,1-2 years,< 1 year,4-7 times per week,4 year degree,93,I prefer not to say,,Tip Calculator App,Male,Apps Inc,Tom,Male,,7,Quality,Shouldn't store secret in plaintext,44,Quality,Change var name to tipPerPerson to be more readable,44,Bug,Multiply billAmt by tipPercentage instead,48,Quality,Unnecessary line,33-41,Quality,Can change to switch statement,23,Quality,Alerts are evil,,,,,,,,,,,,,,,,,,,,,,,,,,,,,,,,,,,,,,,,,,,5,-0.4,0.7,0.5,0.5,0.0,0.0,-0.4,0.9,0.0,0.0,-1.0,1.0,,,,,,,,,,,,,,,,,,,,,,,,,,,,,6,6,6,1,5,1,3,4,0.16666666666666666,0.8333333333333334,0.16666666666666666,0.5,0.6666666666666666,True,True,True,True,True
68,2019-12-06 16:13:08,2019-12-06 16:20:10,IP Address,100,422,True,2019-12-06 16:20:10,R_25thBYcdXHkOc27,,anonymous,EN,Male,,25 - 34,3-5 years,5-10 years,More than 7 times per week,4 year degree,70,Employed by:,Affinity,Tip Calculator App,Female,Unsure,Amy,Female,,8,Quality,Should interpolate the string instead of using concatenation,18,Bug,"Since getBillForTable is an async function, we need to await the function call; otherwise it will return a Promise, when what we really want is the return value of the Promise",19,Quality,Prefer let over var for block scoped variables,7,Bug,Need to declare the variable--ideally should be fetched from a constants file,28,Bug,is numOfPeople a number of string? ,33,Quality,Use ===,36,Quality,Use ===,39,Quality,Use ===,44,Quality,Use let instead of var,,Quality,"Has tableId been validated? If it's user-input, it could be a security flaw",,,,,,,,,,,,,,,,,,,,,,,,,,,,,,,3,0.0,0.0,0.2,0.2,0.0,0.0,0.0,0.0,0.0,0.0,0.0,0.0,0.0,0.0,0.0,0.0,0.0,0.0,0.0,0.0,,,,,,,,,,,,,,,,,,,,,9,10,10,3,7,1,0,1,0.3,0.7,0.1,0.0,0.1,False,True,False,True,True
77,2019-12-10 19:38:38,2019-12-10 19:42:46,IP Address,100,247,True,2019-12-10 19:42:46,R_1K12u6OvIP2ib64,,anonymous,EN,Male,,25 - 34,3-5 years,1-2 years,More than 7 times per week,4 year degree,67,Employed by:,Bloomberg LP,Tip Calculator App,Female,Apps Inc,Amy,Female,,2,Quality,Let's put some descriptive summary of what the code in this page does rather than your name here.,7,Quality,"Is the appKey really ""SECRET""? It seems like this needs to be a value that's passed in, found in the app context, or retrieved from a database somewhere.",14,Quality,Closing function brace should be aligned all the way to the left.,19,Quality,Prefer to use let instead of var in order to keep this variable only in the scope of this function.,22,Bug,"Good thought to do error handling. However, billAmt would be a promise after the getBillForTable call, so it needs to be treated as such in order to use the actual value.",33,Quality,"In order to simplify the function here, we could refactor this a little to create another function that ""getTipPercentageForServiceQuality"". Since these are hard-coded values too, we could have a const map object that defines that relationship between service quality and tip percentage.",28,Bug,It could be helpful to do error-handling for other invalid non-integer inputs for this paramter.,41,Bug,It could be helpful to do error-handling for other unexpected input for the serviceQuality parameter.,44,Quality,Prefer to use let instead of var in order to keep the variable in the current function's scope.,44,Bug,I believe you want to be using tipPercentage instead of serviceQuality in this calculation.,33,Quality,"Prefer triple equals over double equals when doing comparisons as a best practice, and to keep consistency with line 28. This also applies in the following else if statements.",47,Quality,"It may be helpful to create a new variable to represent the total rounded to two decimal figures value in order to avoid confusion on what ""total"" represents here.",47,Quality,Refactoring this to a function could be helpful. That way the function name can essentially be the documentation that you have in the comment in line 46.,overall,Quality,"Could consider a separate function that I believe may be needed functionality as well -- to calculateTipForTable(), then use that function in your calculateTipPerPerson function.",overall,Quality,How / where could it be helpful to add some unit tests for this code?,,,,,,,,,,,,,,,,6,0.0,0.0,-0.4,0.7,0.0,0.0,0.0,1.0,0.2333333333333333,0.4000000000000001,-0.1875,0.5,-0.125,0.375,-0.012499999999999997,0.6875,0.0,0.4,0.0,0.0,0.3333333333333333,0.13333333333333333,0.04545454545454545,0.6515151515151515,0.0,0.3,0.0,0.0,0.0,0.0,,,,,,,,,,,15,15,15,4,11,3,4,10,0.26666666666666666,0.7333333333333333,0.2,0.26666666666666666,0.6666666666666666,False,True,True,True,True
78,2019-12-10 19:53:17,2019-12-10 19:56:42,IP Address,100,205,True,2019-12-10 19:56:43,R_24bM1gZ8XFQj0E1,,anonymous,EN,Male,,18 - 24,1-2 years,0 years,4-7 times per week,4 year degree,86,Employed by:,Two Sigma,Tip Calculator App,Male,Apps Inc,Tom,Male,,28,Quality,Should not be using ===,,,,,,,,,,,,,,,,,,,,,,,,,,,,,,,,,,,,,,,,,,,,,,,,,,,,,,,,,,7,0.0,0.0,,,,,,,,,,,,,,,,,,,,,,,,,,,,,,,,,,,,,,,1,1,1,0,1,0,0,0,0.0,1.0,0.0,0.0,0.0,True,True,True,True,True
79,2019-12-10 19:59:45,2019-12-10 20:05:47,IP Address,100,362,True,2019-12-10 20:05:48,R_ePVUgpfydnnr9lL,,anonymous,EN,Female,,25 - 34,3-5 years,< 1 year,More than 7 times per week,Professional degree,85,I prefer not to say,,Tip Calculator App,Male,Apps Inc,Tom,Male,,44,Bug,Service quality is not a number. You probably meant tip percentage?,,,,,,,,,,,,,,,,,,,,,,,,,,,,,,,,,,,,,,,,,,,,,,,,,,,,,,,,,,8,0.0,0.0,,,,,,,,,,,,,,,,,,,,,,,,,,,,,,,,,,,,,,,1,1,1,1,0,0,0,0,1.0,0.0,0.0,0.0,0.0,False,True,True,True,True
80,2019-12-10 20:28:35,2019-12-10 20:44:06,IP Address,100,930,True,2019-12-10 20:44:06,R_2EbFhebfJmJ7rfW,,anonymous,EN,Male,,25 - 34,3-5 years,< 1 year,More than 7 times per week,4 year degree,80,Employed by:,Two SIgma,Tip Calculator App,Female,Apps Inc,Amy,Female,,8,Quality,Should be parameterized String,7,Quality,If its a global/parameter should be declared somewhere else.,13,Bug,"Don't just log the error, need to handle or return something",19,Quality,should never really use var,28,Bug,"Should probably use typescript, but otherwise should sanitize the type",33,Quality,'===,36,Quality,'===,39,Quality,'===,41,Bug,Missing case where service quality is none of those,32,Quality,Switch statement is cleaner here,44,Quality,var should be let,10,Bug,Should check billAmount is valid double,29,Bug,This should throw an exception instead of assuming one,44,Bug,"This is calculated wrong, should be multiplied by 1* (tax if billAmt doesn't take tax into account) * (1+tipPercentage)/numofPeople",47,Bug,"Two different behaviors, one rounds and the other truncates (48) should stick with probably ceiling to be safe",,,,,,,,,,,,,,,,4,0.0,0.0,0.0,0.0,0.0,0.0,-0.1,0.2,0.0,0.0,0.0,0.0,0.0,0.0,0.0,0.0,-0.2,0.05,0.0,0.0,0.0,0.0,0.0,0.0,0.0,0.0,-0.5,0.9,0.125,0.4916666666666667,,,,,,,,,,,15,15,15,7,8,1,3,4,0.4666666666666667,0.5333333333333333,0.06666666666666667,0.2,0.26666666666666666,False,True,True,True,True
81,2019-12-10 21:07:18,2019-12-10 21:13:03,IP Address,100,345,True,2019-12-10 21:13:04,R_PMyYzQPOMcsZfUZ,,anonymous,EN,Male,,25 - 34,3-5 years,1-2 years,1-3 times per week,4 year degree,80,Employed by:,Two Sigma,Tip Calculator App,Female,Unsure,Amy,Female,,7,Quality,appKey should be passed in as an argument,33,Quality,Use switch statement instead,,,,,,,,,,,,,,,,,,,,,,,,,,,,,,,,,,,,,,,,,,,,,,,,,,,,,,,9,0.0,0.0,0.0,0.0,,,,,,,,,,,,,,,,,,,,,,,,,,,,,,,,,,,,,2,2,2,0,2,0,0,0,0.0,1.0,0.0,0.0,0.0,False,True,False,True,True
86,2019-12-11 14:15:14,2019-12-11 14:21:51,IP Address,100,397,True,2019-12-11 14:21:51,R_PG8KTuuSGLoNW3D,,anonymous,EN,Male,,35 - 44,3-5 years,< 1 year,4-7 times per week,Some college,65,Employed by:,Slalom Build,Unsure,Unsure,Unsure,Unsure,Female,,,,,,,,,,,,,,,,,,,,,,,,,,,,,,,,,,,,,,,,,,,,,,,,,,,,,,,,,,,,,,0,,,,,,,,,,,,,,,,,,,,,,,,,,,,,,,,,,,,,,,,,0,0,0,0,0,0,0,0,,,,,,False,False,False,False,False
87,2019-12-11 19:07:28,2019-12-11 19:15:18,IP Address,100,469,True,2019-12-11 19:15:18,R_22lTjfjIEFA83hF,,anonymous,EN,Female,,25 - 34,3-5 years,1-2 years,0-1 times per week,4 year degree,85,Employed by:,Goldman Sachs,Tip Calculator App,Female,Unsure,Amy,Female,,24,Quality,Inconsistent return type,19,Quality,Use let,18,Quality,Use const,44,Bug,Total calculation does not look right,,,,,,,,,,,,,,,,,,,,,,,,,,,,,,,,,,,,,,,,,,,,,,,,,6,0.0,0.0,0.0,0.0,0.0,0.0,0.14285714285714285,0.6428571428571428,,,,,,,,,,,,,,,,,,,,,,,,,,,,,,,,,4,4,4,1,3,1,0,1,0.25,0.75,0.25,0.0,0.25,True,True,False,True,True
89,2019-12-11 21:22:57,2019-12-11 21:32:51,IP Address,100,594,True,2019-12-11 21:32:52,R_3D2xjDDLNwXm1nv,,anonymous,EN,Male,,18 - 24,1-2 years,< 1 year,0-1 times per week,4 year degree,80,Employed by:,Two Sigma,Tip Calculator App,Male,Unsure,Tom,Male,,27,Quality,This comment is redundant,41,Bug,"If the serviceQuality is none of the above, tipPercentage will be undefined",44,Bug,"It should be billAmt * (1 + tipPercentage), not serviceQuality",Overall,Bug,"if getBillForTable returns an number or a string, which might cause issues when doing multiplication",Overall,Quality,The indentation is incorrect,,,,,,,,,,,,,,,,,,,,,,,,,,,,,,,,,,,,,,,,,,,,,,7,-0.2,0.2,0.0,0.1,0.0,0.0,0.0,0.0,0.0,0.0,,,,,,,,,,,,,,,,,,,,,,,,,,,,,,,5,5,5,3,2,0,1,2,0.6,0.4,0.0,0.2,0.4,True,True,False,True,True
90,2019-12-11 21:37:17,2019-12-11 21:44:45,IP Address,100,447,True,2019-12-11 21:44:46,R_3iJPsm8qktVGL9R,,anonymous,EN,Female,,18 - 24,1-2 years,1-2 years,4-7 times per week,4 year degree,85,Employed by:,Braze,Tip Calculator App,Female,Apps Inc,Amy,Female,,7,Quality,It's never a good idea to hard-code secret values into code,11,Bug,What's going on in this .then? What's happening to the result?,12,Bug,"Same here, not clear what the result is being used for.",21,Quality,"Comment indicates this is validating ""input""; seems like this is output",27,Quality,"Comment indicates input is numOfPeople rather than bill amount, which isn't consistent with previous code",28,Bug,This should not be checking for multiple types (string and int),33,Quality,This if else block can be a switch statement,44,Bug,"This formula should be 1 + whatever tip is, not just the tip",,,,,,,,,,,,,,,,,,,,,,,,,,,,,,,,,,,,,2,-0.375,0.65,0.0,0.0,-0.025000000000000005,0.25416666666666665,0.0,0.0,0.04166666666666667,0.20833333333333331,0.0,0.0,0.0,0.0,0.0,0.0,,,,,,,,,,,,,,,,,,,,,,,,,8,8,8,4,4,1,2,3,0.5,0.5,0.125,0.25,0.375,True,True,True,True,True
91,2019-12-12 09:07:11,2019-12-12 09:15:13,IP Address,100,481,True,2019-12-12 09:15:14,R_9vHhEtHKNyg8pOx,,anonymous,EN,Female,,25 - 34,1-2 years,< 1 year,1-3 times per week,4 year degree,80,Employed by:,Two Sigma Investments,Tip Calculator App,Unsure,Apps Inc,Tom,Male,,7,quality,declare variable type: let or const,28,bug,numOfPeople should be int so it cannot be compared to string,33,bug,should always use === for comparison,18,quality,use const instead,,,,,,,,,,,,,,,,,,,,,,,,,,,,,,,,,,,,,,,,,,,,,,,,,5,0.0,0.0,0.0,0.0,0.0,0.0,0.0,0.0,,,,,,,,,,,,,,,,,,,,,,,,,,,,,,,,,4,4,4,2,2,0,0,0,0.5,0.5,0.0,0.0,0.0,False,True,True,False,True
